timestamp,G1,G2,G3,G4,G5,G6,total_vehicles,Label,seconds
1970-01-01 00:00:00,0,1,1,0,1,0,3,HEAVY,0
1970-01-01 00:00:01,1,0,0,0,0,0,1,LOW,1
1970-01-01 00:00:07,0,0,0,1,0,1,2,MEDIUM,7
1970-01-01 00:00:09,0,0,1,0,1,0,2,MEDIUM,9
1970-01-01 00:00:10,1,1,0,0,0,0,2,MEDIUM,10
1970-01-01 00:00:18,0,0,0,1,0,0,1,LOW,18
1970-01-01 00:00:19,0,0,1,0,0,0,1,LOW,19
1970-01-01 00:00:20,1,0,0,0,0,0,1,LOW,20
1970-01-01 00:00:21,0,1,0,0,0,0,1,LOW,21
1970-01-01 00:00:27,0,0,0,1,0,0,1,LOW,27
1970-01-01 00:00:28,0,0,1,0,0,0,1,LOW,28
1970-01-01 00:00:30,0,0,0,0,1,1,2,MEDIUM,30
1970-01-01 00:00:31,1,1,0,0,0,0,2,MEDIUM,31
1970-01-01 00:00:38,0,0,1,0,0,0,1,LOW,38
1970-01-01 00:00:41,0,1,0,0,1,1,3,HEAVY,41
1970-01-01 00:00:44,1,0,0,0,0,0,1,LOW,44
1970-01-01 00:00:49,0,0,1,0,0,0,1,LOW,49
1970-01-01 00:00:50,0,1,0,0,0,0,1,LOW,50
1970-01-01 00:00:54,1,0,0,0,0,0,1,LOW,54
1970-01-01 00:00:56,0,0,0,0,1,0,1,LOW,56
1970-01-01 00:01:00,0,0,1,0,0,1,2,MEDIUM,60
1970-01-01 00:01:01,0,1,0,0,0,0,1,LOW,61
1970-01-01 00:01:02,0,0,0,1,0,0,1,LOW,62
1970-01-01 00:01:04,1,0,0,0,0,0,1,LOW,64
1970-01-01 00:01:08,0,0,0,0,1,0,1,LOW,68
1970-01-01 00:01:09,0,0,1,0,0,0,1,LOW,69
1970-01-01 00:01:11,0,1,0,0,0,0,1,LOW,71
1970-01-01 00:01:13,0,0,0,1,0,0,1,LOW,73
1970-01-01 00:01:14,1,0,0,0,0,0,1,LOW,74
1970-01-01 00:01:16,0,0,0,0,0,1,1,LOW,76
1970-01-01 00:01:19,0,0,1,0,0,0,1,LOW,79
1970-01-01 00:01:21,0,1,0,0,0,0,1,LOW,81
1970-01-01 00:01:22,0,0,0,1,0,0,1,LOW,82
1970-01-01 00:01:24,1,0,0,0,0,0,1,LOW,84
1970-01-01 00:01:25,0,0,0,0,1,0,1,LOW,85
1970-01-01 00:01:30,0,0,1,0,0,0,1,LOW,90
1970-01-01 00:01:32,0,1,0,0,0,0,1,LOW,92
1970-01-01 00:01:35,1,0,0,0,0,0,1,LOW,95
1970-01-01 00:01:36,0,0,0,1,0,0,1,LOW,96
1970-01-01 00:01:37,0,0,0,0,1,0,1,LOW,97
1970-01-01 00:01:39,0,0,1,0,0,0,1,LOW,99
1970-01-01 00:01:41,0,1,0,0,0,0,1,LOW,101
1970-01-01 00:01:44,1,0,0,0,0,1,2,MEDIUM,104
1970-01-01 00:01:47,0,0,0,1,1,0,2,MEDIUM,107
1970-01-01 00:01:50,0,0,1,0,0,0,1,LOW,110
1970-01-01 00:01:52,0,1,0,0,0,0,1,LOW,112
1970-01-01 00:01:54,0,0,0,0,0,1,1,LOW,114
1970-01-01 00:01:55,1,0,0,0,0,0,1,LOW,115
1970-01-01 00:01:56,0,0,0,0,1,0,1,LOW,116
1970-01-01 00:01:59,0,0,1,0,0,0,1,LOW,119
1970-01-01 00:02:00,0,0,0,1,0,0,1,LOW,120
1970-01-01 00:02:02,0,1,0,0,0,0,1,LOW,122
1970-01-01 00:02:04,1,0,0,0,0,0,1,LOW,124
1970-01-01 00:02:06,0,0,0,0,1,0,1,LOW,126
1970-01-01 00:02:07,0,0,0,0,0,1,1,LOW,127
1970-01-01 00:02:09,0,0,1,0,0,0,1,LOW,129
1970-01-01 00:02:12,0,1,0,0,0,0,1,LOW,132
1970-01-01 00:02:14,1,0,0,0,0,0,1,LOW,134
1970-01-01 00:02:19,0,0,1,0,0,1,2,MEDIUM,139
1970-01-01 00:02:20,0,0,0,1,0,0,1,LOW,140
1970-01-01 00:02:21,0,1,0,0,0,0,1,LOW,141
1970-01-01 00:02:22,0,0,0,0,1,0,1,LOW,142
1970-01-01 00:02:27,1,0,0,0,0,0,1,LOW,147
1970-01-01 00:02:28,0,0,1,0,0,0,1,LOW,148
1970-01-01 00:02:31,0,1,0,0,0,1,2,MEDIUM,151
1970-01-01 00:02:32,0,0,0,0,1,0,1,LOW,152
1970-01-01 00:02:33,0,0,0,1,0,0,1,LOW,153
1970-01-01 00:02:37,1,0,0,0,0,0,1,LOW,157
1970-01-01 00:02:38,0,0,1,0,0,0,1,LOW,158
1970-01-01 00:02:45,0,1,0,0,0,1,2,MEDIUM,165
1970-01-01 00:02:46,1,0,0,0,0,0,1,LOW,166
1970-01-01 00:02:48,0,0,1,0,0,0,1,LOW,168
1970-01-01 00:02:55,1,1,0,1,0,0,3,HEAVY,175
1970-01-01 00:02:56,0,0,0,0,0,1,1,LOW,176
1970-01-01 00:02:57,0,0,0,0,1,0,1,LOW,177
1970-01-01 00:02:58,0,0,1,0,0,0,1,LOW,178
1970-01-01 00:03:06,1,1,0,0,0,0,2,MEDIUM,186
1970-01-01 00:03:07,0,0,1,0,0,0,1,LOW,187
1970-01-01 00:03:09,0,0,0,1,0,1,2,MEDIUM,189
1970-01-01 00:03:15,0,1,0,0,0,0,1,LOW,195
1970-01-01 00:03:16,1,0,0,0,1,0,2,MEDIUM,196
1970-01-01 00:03:18,0,0,1,0,0,0,1,LOW,198
1970-01-01 00:03:24,0,1,0,0,0,0,1,LOW,204
1970-01-01 00:03:26,1,0,0,0,0,0,1,LOW,206
1970-01-01 00:03:28,0,0,1,1,0,0,2,MEDIUM,208
1970-01-01 00:03:33,0,1,0,0,0,1,2,MEDIUM,213
1970-01-01 00:03:35,1,0,0,0,0,0,1,LOW,215
1970-01-01 00:03:37,0,0,1,0,0,0,1,LOW,217
1970-01-01 00:03:39,0,0,0,0,1,0,1,LOW,219
1970-01-01 00:03:44,0,1,0,1,0,0,2,MEDIUM,224
1970-01-01 00:03:46,1,0,0,0,0,0,1,LOW,226
1970-01-01 00:03:49,0,0,1,0,0,0,1,LOW,229
1970-01-01 00:03:53,0,0,0,0,0,1,1,LOW,233
1970-01-01 00:03:55,1,0,0,0,0,0,1,LOW,235
1970-01-01 00:03:56,0,1,0,1,0,0,2,MEDIUM,236
1970-01-01 00:03:59,0,0,1,0,0,0,1,LOW,239
1970-01-01 00:04:00,0,0,0,0,1,0,1,LOW,240
1970-01-01 00:04:05,1,0,0,0,0,0,1,LOW,245
1970-01-01 00:04:06,0,1,0,1,0,1,3,HEAVY,246
1970-01-01 00:04:08,0,0,1,0,0,0,1,LOW,248
1970-01-01 00:04:14,1,0,0,0,1,0,2,MEDIUM,254
1970-01-01 00:04:15,0,1,0,0,0,0,1,LOW,255
1970-01-01 00:04:16,0,0,0,0,0,1,1,LOW,256
1970-01-01 00:04:17,0,0,1,1,0,0,2,MEDIUM,257
1970-01-01 00:04:25,1,0,0,0,0,0,1,LOW,265
1970-01-01 00:04:26,0,1,0,0,0,0,1,LOW,266
1970-01-01 00:04:28,0,0,1,0,0,1,2,MEDIUM,268
1970-01-01 00:04:29,0,0,0,0,1,0,1,LOW,269
1970-01-01 00:04:34,1,0,0,0,0,0,1,LOW,274
1970-01-01 00:04:36,0,1,0,0,0,0,1,LOW,276
1970-01-01 00:04:37,0,0,1,1,0,0,2,MEDIUM,277
1970-01-01 00:04:39,0,0,0,0,1,0,1,LOW,279
1970-01-01 00:04:41,0,0,0,0,0,1,1,LOW,281
1970-01-01 00:04:44,1,0,0,0,0,0,1,LOW,284
1970-01-01 00:04:45,0,1,0,0,0,0,1,LOW,285
1970-01-01 00:04:46,0,0,1,0,0,0,1,LOW,286
1970-01-01 00:04:53,1,0,0,0,0,1,2,MEDIUM,293
1970-01-01 00:04:54,0,1,0,0,0,0,1,LOW,294
1970-01-01 00:04:57,0,0,1,0,0,0,1,LOW,297
1970-01-01 00:05:03,0,0,0,1,0,0,1,LOW,303
1970-01-01 00:05:04,1,0,0,0,0,0,1,LOW,304
1970-01-01 00:05:05,0,1,0,0,0,0,1,LOW,305
1970-01-01 00:05:07,0,0,1,0,0,0,1,LOW,307
1970-01-01 00:05:08,0,0,0,0,1,0,1,LOW,308
1970-01-01 00:05:09,0,0,0,0,0,1,1,LOW,309
1970-01-01 00:05:14,1,1,0,0,0,0,2,MEDIUM,314
1970-01-01 00:05:16,0,0,1,0,0,0,1,LOW,316
1970-01-01 00:05:19,0,0,0,0,0,1,1,LOW,319
1970-01-01 00:05:23,1,0,0,0,0,0,1,LOW,323
1970-01-01 00:05:25,0,0,0,1,0,0,1,LOW,325
1970-01-01 00:05:26,0,1,0,0,0,0,1,LOW,326
1970-01-01 00:05:28,0,0,1,0,0,0,1,LOW,328
1970-01-01 00:05:30,0,0,0,0,1,0,1,LOW,330
1970-01-01 00:05:33,1,0,0,0,0,0,1,LOW,333
1970-01-01 00:05:34,0,0,0,1,0,0,1,LOW,334
1970-01-01 00:05:36,0,1,0,0,0,0,1,LOW,336
1970-01-01 00:05:38,0,0,1,0,0,0,1,LOW,338
1970-01-01 00:05:41,0,0,0,0,1,0,1,LOW,341
1970-01-01 00:05:43,1,0,0,0,0,0,1,LOW,343
1970-01-01 00:05:44,0,0,0,1,0,0,1,LOW,344
1970-01-01 00:05:47,0,0,1,0,0,0,1,LOW,347
1970-01-01 00:05:49,0,0,0,0,0,1,1,LOW,349
1970-01-01 00:05:50,0,0,0,0,1,0,1,LOW,350
1970-01-01 00:05:51,0,1,0,0,0,0,1,LOW,351
1970-01-01 00:05:57,1,0,1,0,0,0,2,MEDIUM,357
1970-01-01 00:06:00,0,0,0,1,0,1,2,MEDIUM,360
1970-01-01 00:06:01,0,1,0,0,0,0,1,LOW,361
1970-01-01 00:06:06,0,0,1,0,0,0,1,LOW,366
1970-01-01 00:06:08,1,0,0,0,1,0,2,MEDIUM,368
1970-01-01 00:06:10,0,1,0,0,0,1,2,MEDIUM,370
1970-01-01 00:06:12,0,0,0,1,0,0,1,LOW,372
1970-01-01 00:06:16,0,0,1,0,0,0,1,LOW,376
1970-01-01 00:06:19,1,0,0,0,0,0,1,LOW,379
1970-01-01 00:06:21,0,0,0,0,0,1,1,LOW,381
1970-01-01 00:06:22,0,1,0,0,0,0,1,LOW,382
1970-01-01 00:06:23,0,0,0,0,1,0,1,LOW,383
1970-01-01 00:06:26,0,0,1,0,0,0,1,LOW,386
1970-01-01 00:06:30,1,0,0,0,0,0,1,LOW,390
1970-01-01 00:06:32,0,1,0,1,0,0,2,MEDIUM,392
1970-01-01 00:06:35,0,0,0,0,0,1,1,LOW,395
1970-01-01 00:06:36,0,0,1,0,1,0,2,MEDIUM,396
1970-01-01 00:06:40,1,0,0,0,0,0,1,LOW,400
1970-01-01 00:06:41,0,0,0,1,0,0,1,LOW,401
1970-01-01 00:06:42,0,1,0,0,0,0,1,LOW,402
1970-01-01 00:06:45,0,0,1,0,0,0,1,LOW,405
1970-01-01 00:06:49,1,0,0,0,1,0,2,MEDIUM,409
1970-01-01 00:06:52,0,1,0,0,0,0,1,LOW,412
1970-01-01 00:06:53,0,0,0,0,0,1,1,LOW,413
1970-01-01 00:06:54,0,0,0,1,0,0,1,LOW,414
1970-01-01 00:06:56,0,0,1,0,0,0,1,LOW,416
1970-01-01 00:07:01,1,1,0,0,1,0,3,HEAVY,421
1970-01-01 00:07:02,0,0,0,0,0,1,1,LOW,422
1970-01-01 00:07:05,0,0,0,1,0,0,1,LOW,425
1970-01-01 00:07:06,0,0,1,0,0,0,1,LOW,426
1970-01-01 00:07:11,1,1,0,0,0,1,3,HEAVY,431
1970-01-01 00:07:15,0,0,1,1,1,0,3,HEAVY,435
1970-01-01 00:07:20,0,1,0,0,0,0,1,LOW,440
1970-01-01 00:07:21,1,0,0,0,0,0,1,LOW,441
1970-01-01 00:07:23,0,0,0,0,0,1,1,LOW,443
1970-01-01 00:07:24,0,0,1,0,0,0,1,LOW,444
1970-01-01 00:07:26,0,0,0,1,0,0,1,LOW,446
1970-01-01 00:07:30,1,1,0,0,0,0,2,MEDIUM,450
1970-01-01 00:07:31,0,0,0,0,1,0,1,LOW,451
1970-01-01 00:07:34,0,0,1,0,0,0,1,LOW,454
1970-01-01 00:07:37,0,0,0,0,0,1,1,LOW,457
1970-01-01 00:07:39,1,0,0,0,0,0,1,LOW,459
1970-01-01 00:07:41,0,1,0,0,0,0,1,LOW,461
1970-01-01 00:07:42,0,0,0,0,1,0,1,LOW,462
1970-01-01 00:07:47,0,0,0,0,0,1,1,LOW,467
1970-01-01 00:07:48,1,0,0,0,0,0,1,LOW,468
1970-01-01 00:07:50,0,0,1,0,0,0,1,LOW,470
1970-01-01 00:07:51,0,1,0,1,0,0,2,MEDIUM,471
1970-01-01 00:07:54,0,0,0,0,1,0,1,LOW,474
1970-01-01 00:08:00,1,1,1,0,0,0,3,HEAVY,480
1970-01-01 00:08:02,0,0,0,0,0,1,1,LOW,482
1970-01-01 00:08:03,0,0,0,1,0,0,1,LOW,483
1970-01-01 00:08:11,1,0,0,0,0,0,1,LOW,491
1970-01-01 00:08:12,0,1,0,0,1,0,2,MEDIUM,492
1970-01-01 00:08:13,0,0,1,0,0,0,1,LOW,493
1970-01-01 00:08:14,0,0,0,1,0,0,1,LOW,494
1970-01-01 00:08:15,0,0,0,0,0,1,1,LOW,495
1970-01-01 00:08:21,1,1,0,0,0,0,2,MEDIUM,501
1970-01-01 00:08:22,0,0,1,0,1,0,2,MEDIUM,502
1970-01-01 00:08:27,0,0,0,1,0,0,1,LOW,507
1970-01-01 00:08:30,0,1,0,0,0,0,1,LOW,510
1970-01-01 00:08:31,1,0,0,0,0,0,1,LOW,511
1970-01-01 00:08:32,0,0,1,0,0,0,1,LOW,512
1970-01-01 00:08:35,0,0,0,0,1,0,1,LOW,515
1970-01-01 00:08:40,0,0,0,1,0,0,1,LOW,520
1970-01-01 00:08:41,1,1,0,0,0,0,2,MEDIUM,521
1970-01-01 00:08:43,0,0,1,0,0,0,1,LOW,523
1970-01-01 00:08:50,1,0,0,1,0,0,2,MEDIUM,530
1970-01-01 00:08:51,0,1,0,0,0,0,1,LOW,531
1970-01-01 00:08:52,0,0,1,0,1,0,2,MEDIUM,532
1970-01-01 00:08:57,0,0,0,0,0,1,1,LOW,537
1970-01-01 00:09:00,0,1,0,0,0,0,1,LOW,540
1970-01-01 00:09:01,1,0,1,0,0,0,2,MEDIUM,541
1970-01-01 00:09:04,0,0,0,0,1,0,1,LOW,544
1970-01-01 00:09:07,0,0,0,1,0,0,1,LOW,547
1970-01-01 00:09:10,0,1,0,0,0,0,1,LOW,550
1970-01-01 00:09:12,1,0,0,0,0,0,1,LOW,552
1970-01-01 00:09:14,0,0,1,0,0,0,1,LOW,554
1970-01-01 00:09:15,0,0,0,0,1,1,2,MEDIUM,555
1970-01-01 00:09:16,0,0,0,1,0,0,1,LOW,556
1970-01-01 00:09:20,0,1,0,0,0,0,1,LOW,560
1970-01-01 00:09:21,1,0,0,0,0,0,1,LOW,561
1970-01-01 00:09:26,0,0,1,0,0,0,1,LOW,566
1970-01-01 00:09:29,0,1,0,0,0,0,1,LOW,569
1970-01-01 00:09:31,1,0,0,0,0,0,1,LOW,571
1970-01-01 00:09:33,0,0,0,0,0,1,1,LOW,573
1970-01-01 00:09:35,0,0,0,0,1,0,1,LOW,575
1970-01-01 00:09:36,0,0,1,0,0,0,1,LOW,576
1970-01-01 00:09:40,1,1,0,0,0,0,2,MEDIUM,580
1970-01-01 00:09:47,0,0,0,1,1,0,2,MEDIUM,587
1970-01-01 00:09:48,0,0,1,0,0,0,1,LOW,588
1970-01-01 00:09:49,1,0,0,0,0,0,1,LOW,589
1970-01-01 00:09:50,0,1,0,0,0,0,1,LOW,590
1970-01-01 00:09:52,0,0,0,0,0,1,1,LOW,592
1970-01-01 00:09:59,0,1,1,0,0,0,2,MEDIUM,599
1970-01-01 00:10:00,1,0,0,0,0,0,1,LOW,600
1970-01-01 00:10:06,0,0,0,0,0,1,1,LOW,606
1970-01-01 00:10:08,0,0,1,0,0,0,1,LOW,608
1970-01-01 00:10:09,0,1,0,0,0,0,1,LOW,609
1970-01-01 00:10:10,1,0,0,0,0,0,1,LOW,610
1970-01-01 00:10:17,0,0,1,0,0,0,1,LOW,617
1970-01-01 00:10:18,0,1,0,0,0,0,1,LOW,618
1970-01-01 00:10:20,1,0,0,1,0,0,2,MEDIUM,620
1970-01-01 00:10:27,0,1,0,0,0,0,1,LOW,627
1970-01-01 00:10:28,0,0,1,0,0,0,1,LOW,628
1970-01-01 00:10:30,0,0,0,0,1,0,1,LOW,630
1970-01-01 00:10:31,1,0,0,0,0,0,1,LOW,631
1970-01-01 00:10:34,0,0,0,0,0,1,1,LOW,634
1970-01-01 00:10:37,0,1,0,1,0,0,2,MEDIUM,637
1970-01-01 00:10:38,0,0,1,0,0,0,1,LOW,638
1970-01-01 00:10:40,1,0,0,0,0,0,1,LOW,640
1970-01-01 00:10:44,0,0,0,0,0,1,1,LOW,644
1970-01-01 00:10:47,0,0,0,1,0,0,1,LOW,647
1970-01-01 00:10:48,0,1,1,0,1,0,3,HEAVY,648
1970-01-01 00:10:50,1,0,0,0,0,0,1,LOW,650
1970-01-01 00:10:57,0,0,1,0,0,0,1,LOW,657
1970-01-01 00:10:58,0,1,0,0,0,0,1,LOW,658
1970-01-01 00:10:59,0,0,0,1,0,0,1,LOW,659
1970-01-01 00:11:00,1,0,0,0,1,0,2,MEDIUM,660
1970-01-01 00:11:01,0,0,0,0,0,1,1,LOW,661
1970-01-01 00:11:07,0,0,1,0,0,0,1,LOW,667
1970-01-01 00:11:08,0,1,0,0,0,0,1,LOW,668
1970-01-01 00:11:10,1,0,0,0,0,0,1,LOW,670
1970-01-01 00:11:14,0,0,0,0,0,1,1,LOW,674
1970-01-01 00:11:15,0,0,0,0,1,0,1,LOW,675
1970-01-01 00:11:16,0,0,0,1,0,0,1,LOW,676
1970-01-01 00:11:17,0,1,0,0,0,0,1,LOW,677
1970-01-01 00:11:18,0,0,1,0,0,0,1,LOW,678
1970-01-01 00:11:21,1,0,0,0,0,0,1,LOW,681
1970-01-01 00:11:26,0,0,0,0,1,0,1,LOW,686
1970-01-01 00:11:27,0,1,0,0,0,0,1,LOW,687
1970-01-01 00:11:28,0,0,1,0,0,0,1,LOW,688
1970-01-01 00:11:31,1,0,0,0,0,1,2,MEDIUM,691
1970-01-01 00:11:36,0,0,0,0,1,0,1,LOW,696
1970-01-01 00:11:37,0,1,0,0,0,0,1,LOW,697
1970-01-01 00:11:38,0,0,1,0,0,0,1,LOW,698
1970-01-01 00:11:41,1,0,0,0,0,0,1,LOW,701
1970-01-01 00:11:43,0,0,0,1,0,0,1,LOW,703
1970-01-01 00:11:47,0,0,1,0,0,0,1,LOW,707
1970-01-01 00:11:48,0,1,0,0,0,0,1,LOW,708
1970-01-01 00:11:52,1,0,0,0,0,0,1,LOW,712
1970-01-01 00:11:54,0,0,0,0,1,0,1,LOW,714
1970-01-01 00:11:57,0,0,1,0,0,0,1,LOW,717
1970-01-01 00:11:58,0,1,0,1,0,1,3,HEAVY,718
1970-01-01 00:12:01,1,0,0,0,0,0,1,LOW,721
1970-01-01 00:12:06,0,0,1,0,1,0,2,MEDIUM,726
1970-01-01 00:12:07,0,0,0,0,0,1,1,LOW,727
1970-01-01 00:12:08,0,1,0,0,0,0,1,LOW,728
1970-01-01 00:12:10,1,0,0,0,0,0,1,LOW,730
1970-01-01 00:12:15,0,0,1,0,0,0,1,LOW,735
1970-01-01 00:12:18,0,1,0,0,0,1,2,MEDIUM,738
1970-01-01 00:12:20,1,0,0,1,1,0,3,HEAVY,740
1970-01-01 00:12:24,0,0,1,0,0,0,1,LOW,744
1970-01-01 00:12:27,0,1,0,0,0,0,1,LOW,747
1970-01-01 00:12:30,1,0,0,0,0,0,1,LOW,750
1970-01-01 00:12:31,0,0,0,1,0,0,1,LOW,751
1970-01-01 00:12:32,0,0,0,0,1,0,1,LOW,752
1970-01-01 00:12:34,0,0,1,0,0,0,1,LOW,754
1970-01-01 00:12:36,0,0,0,0,0,1,1,LOW,756
1970-01-01 00:12:37,0,1,0,0,0,0,1,LOW,757
1970-01-01 00:12:39,1,0,0,0,0,0,1,LOW,759
1970-01-01 00:12:43,0,0,0,1,0,0,1,LOW,763
1970-01-01 00:12:45,0,0,1,0,0,0,1,LOW,765
1970-01-01 00:12:47,0,1,0,0,1,1,3,HEAVY,767
1970-01-01 00:12:48,1,0,0,0,0,0,1,LOW,768
1970-01-01 00:12:53,0,0,0,1,0,0,1,LOW,773
1970-01-01 00:12:57,0,0,0,0,0,1,1,LOW,777
1970-01-01 00:12:58,0,1,1,0,0,0,2,MEDIUM,778
1970-01-01 00:13:00,1,0,0,0,1,0,2,MEDIUM,780
1970-01-01 00:13:05,0,0,0,1,0,0,1,LOW,785
1970-01-01 00:13:07,0,1,1,0,0,1,3,HEAVY,787
1970-01-01 00:13:12,1,0,0,0,0,0,1,LOW,792
1970-01-01 00:13:16,0,0,0,0,1,0,1,LOW,796
1970-01-01 00:13:17,0,1,1,0,0,1,3,HEAVY,797
1970-01-01 00:13:21,1,0,0,0,0,0,1,LOW,801
1970-01-01 00:13:25,0,0,0,1,0,0,1,LOW,805
1970-01-01 00:13:26,0,0,0,0,1,0,1,LOW,806
1970-01-01 00:13:27,0,1,0,0,0,0,1,LOW,807
1970-01-01 00:13:28,0,0,1,0,0,0,1,LOW,808
1970-01-01 00:13:29,0,0,0,0,0,1,1,LOW,809
1970-01-01 00:13:30,1,0,0,0,0,0,1,LOW,810
1970-01-01 00:13:36,0,0,0,1,0,0,1,LOW,816
1970-01-01 00:13:38,0,1,1,0,0,0,2,MEDIUM,818
1970-01-01 00:13:40,1,0,0,0,0,0,1,LOW,820
1970-01-01 00:13:44,0,0,0,0,1,0,1,LOW,824
1970-01-01 00:13:47,0,0,1,1,0,1,3,HEAVY,827
1970-01-01 00:13:48,0,1,0,0,0,0,1,LOW,828
1970-01-01 00:13:50,1,0,0,0,0,0,1,LOW,830
1970-01-01 00:13:56,0,0,0,0,0,1,1,LOW,836
1970-01-01 00:13:57,0,0,1,0,0,0,1,LOW,837
1970-01-01 00:13:58,0,0,0,1,0,0,1,LOW,838
1970-01-01 00:13:59,0,0,0,0,1,0,1,LOW,839
1970-01-01 00:14:00,1,0,0,0,0,0,1,LOW,840
1970-01-01 00:14:01,0,1,0,0,0,0,1,LOW,841
1970-01-01 00:14:07,0,0,0,0,0,1,1,LOW,847
1970-01-01 00:14:08,0,0,0,1,0,0,1,LOW,848
1970-01-01 00:14:09,1,0,1,0,0,0,2,MEDIUM,849
1970-01-01 00:14:11,0,1,0,0,0,0,1,LOW,851
1970-01-01 00:14:17,0,0,0,0,0,1,1,LOW,857
1970-01-01 00:14:19,1,0,1,0,0,0,2,MEDIUM,859
1970-01-01 00:14:20,0,1,0,0,0,0,1,LOW,860
1970-01-01 00:14:22,0,0,0,0,1,0,1,LOW,862
1970-01-01 00:14:25,0,0,0,1,0,0,1,LOW,865
1970-01-01 00:14:27,0,0,0,0,0,1,1,LOW,867
1970-01-01 00:14:30,1,1,1,0,0,0,3,HEAVY,870
1970-01-01 00:14:37,0,0,0,0,1,0,1,LOW,877
1970-01-01 00:14:39,0,1,0,0,0,0,1,LOW,879
1970-01-01 00:14:40,1,0,0,0,0,0,1,LOW,880
1970-01-01 00:14:41,0,0,1,1,0,0,2,MEDIUM,881
1970-01-01 00:14:49,0,1,0,0,0,0,1,LOW,889
1970-01-01 00:14:50,1,0,1,0,0,0,2,MEDIUM,890
1970-01-01 00:14:51,0,0,0,1,0,0,1,LOW,891
1970-01-01 00:14:54,0,0,0,0,1,0,1,LOW,894
1970-01-01 00:14:55,0,0,0,0,0,1,1,LOW,895
1970-01-01 00:14:59,0,0,1,0,0,0,1,LOW,899
1970-01-01 00:15:00,1,1,0,0,1,0,3,HEAVY,900
1970-01-01 00:15:01,0,0,0,1,0,1,2,MEDIUM,901
1970-01-01 00:15:04,0,1,0,0,0,0,1,LOW,904
1970-01-01 00:15:05,0,0,1,0,0,0,1,LOW,905
1970-01-01 00:15:08,1,0,0,0,0,0,1,LOW,908
1970-01-01 00:15:11,0,0,0,0,0,1,1,LOW,911
1970-01-01 00:15:12,0,0,0,1,1,0,2,MEDIUM,912
1970-01-01 00:15:18,0,0,1,0,0,0,1,LOW,918
1970-01-01 00:15:19,0,1,0,0,0,0,1,LOW,919
1970-01-01 00:15:21,0,0,0,1,1,0,2,MEDIUM,921
1970-01-01 00:15:22,1,0,0,0,0,1,2,MEDIUM,922
1970-01-01 00:15:31,0,1,1,1,1,1,5,HEAVY,931
1970-01-01 00:15:38,1,0,0,0,0,0,1,LOW,938
1970-01-01 00:15:40,0,0,0,0,1,0,1,LOW,940
1970-01-01 00:15:41,0,0,1,1,0,1,3,HEAVY,941
1970-01-01 00:15:44,0,1,0,0,0,0,1,LOW,944
1970-01-01 00:15:47,1,0,0,0,0,0,1,LOW,947
1970-01-01 00:15:50,0,0,0,1,1,1,3,HEAVY,950
1970-01-01 00:15:57,0,0,1,0,0,0,1,LOW,957
1970-01-01 00:16:00,0,1,0,0,0,0,1,LOW,960
1970-01-01 00:16:01,0,0,0,1,0,0,1,LOW,961
1970-01-01 00:16:02,1,0,0,0,1,1,3,HEAVY,962
1970-01-01 00:16:10,0,0,0,1,0,0,1,LOW,970
1970-01-01 00:16:11,0,0,0,0,0,1,1,LOW,971
1970-01-01 00:16:12,1,0,0,0,1,0,2,MEDIUM,972
1970-01-01 00:16:13,0,0,1,0,0,0,1,LOW,973
1970-01-01 00:16:20,0,1,0,1,0,1,3,HEAVY,980
1970-01-01 00:16:24,0,0,0,0,1,0,1,LOW,984
1970-01-01 00:16:25,1,0,0,0,0,0,1,LOW,985
1970-01-01 00:16:28,0,0,1,0,0,0,1,LOW,988
1970-01-01 00:16:29,0,0,0,0,0,1,1,LOW,989
1970-01-01 00:16:30,0,0,0,1,0,0,1,LOW,990
1970-01-01 00:16:33,0,0,0,0,1,0,1,LOW,993
1970-01-01 00:16:37,0,0,1,0,0,0,1,LOW,997
1970-01-01 00:16:39,1,0,0,0,0,0,1,LOW,999
1970-01-01 00:16:40,0,1,0,1,0,1,3,HEAVY,1000
1970-01-01 00:16:43,0,0,0,0,1,0,1,LOW,1003
1970-01-01 00:16:47,0,0,1,0,0,0,1,LOW,1007
1970-01-01 00:16:49,0,0,0,1,0,1,2,MEDIUM,1009
1970-01-01 00:16:56,0,0,0,0,1,0,1,LOW,1016
1970-01-01 00:16:57,0,1,0,0,0,0,1,LOW,1017
1970-01-01 00:16:58,0,0,0,1,0,1,2,MEDIUM,1018
1970-01-01 00:17:00,0,0,1,0,0,0,1,LOW,1020
1970-01-01 00:17:06,1,0,0,0,1,0,2,MEDIUM,1026
1970-01-01 00:17:08,0,1,0,0,0,1,2,MEDIUM,1028
1970-01-01 00:17:09,0,0,0,1,0,0,1,LOW,1029
1970-01-01 00:17:10,0,0,1,0,0,0,1,LOW,1030
1970-01-01 00:17:16,0,0,0,0,1,0,1,LOW,1036
1970-01-01 00:17:17,1,0,0,0,0,0,1,LOW,1037
1970-01-01 00:17:18,0,0,0,0,0,1,1,LOW,1038
1970-01-01 00:17:20,0,1,0,1,0,0,2,MEDIUM,1040
1970-01-01 00:17:26,0,0,0,0,1,0,1,LOW,1046
1970-01-01 00:17:27,0,0,0,0,0,1,1,LOW,1047
1970-01-01 00:17:29,0,0,1,0,0,0,1,LOW,1049
1970-01-01 00:17:30,0,1,0,1,0,0,2,MEDIUM,1050
1970-01-01 00:17:33,1,0,0,0,0,0,1,LOW,1053
1970-01-01 00:17:35,0,0,0,0,1,0,1,LOW,1055
1970-01-01 00:17:40,0,1,0,1,0,1,3,HEAVY,1060
1970-01-01 00:17:45,0,0,0,0,1,0,1,LOW,1065
1970-01-01 00:17:49,0,1,0,0,0,0,1,LOW,1069
1970-01-01 00:17:50,0,0,0,0,0,1,1,LOW,1070
1970-01-01 00:17:52,0,0,1,0,0,0,1,LOW,1072
1970-01-01 00:17:53,0,0,0,1,0,0,1,LOW,1073
1970-01-01 00:17:54,1,0,0,0,0,0,1,LOW,1074
1970-01-01 00:17:56,0,0,0,0,1,0,1,LOW,1076
1970-01-01 00:18:00,0,0,0,0,0,1,1,LOW,1080
1970-01-01 00:18:02,0,0,0,1,0,0,1,LOW,1082
1970-01-01 00:18:06,0,0,0,0,1,0,1,LOW,1086
1970-01-01 00:18:10,0,0,1,0,0,0,1,LOW,1090
1970-01-01 00:18:11,1,0,0,0,0,1,2,MEDIUM,1091
1970-01-01 00:18:15,0,1,0,0,0,0,1,LOW,1095
1970-01-01 00:18:16,0,0,0,1,1,0,2,MEDIUM,1096
1970-01-01 00:18:20,0,0,0,0,0,1,1,LOW,1100
1970-01-01 00:18:26,0,0,0,1,1,0,2,MEDIUM,1106
1970-01-01 00:18:29,0,1,0,0,0,1,2,MEDIUM,1109
1970-01-01 00:18:35,0,0,1,1,0,0,2,MEDIUM,1115
1970-01-01 00:18:36,0,0,0,0,1,0,1,LOW,1116
1970-01-01 00:18:39,0,0,0,0,0,1,1,LOW,1119
1970-01-01 00:18:41,0,1,0,0,0,0,1,LOW,1121
1970-01-01 00:18:43,1,0,0,0,0,0,1,LOW,1123
1970-01-01 00:18:46,0,0,1,1,1,0,3,HEAVY,1126
1970-01-01 00:18:49,0,0,0,0,0,1,1,LOW,1129
1970-01-01 00:18:56,0,0,0,1,1,0,2,MEDIUM,1136
1970-01-01 00:18:57,1,0,0,0,0,0,1,LOW,1137
1970-01-01 00:18:59,0,0,0,0,0,1,1,LOW,1139
1970-01-01 00:19:00,0,1,0,0,0,0,1,LOW,1140
1970-01-01 00:19:06,0,0,0,1,1,0,2,MEDIUM,1146
1970-01-01 00:19:09,0,0,0,0,0,1,1,LOW,1149
1970-01-01 00:19:11,1,0,0,0,0,0,1,LOW,1151
1970-01-01 00:19:13,0,1,0,0,0,0,1,LOW,1153
1970-01-01 00:19:14,0,0,1,0,0,0,1,LOW,1154
1970-01-01 00:19:15,0,0,0,1,1,0,2,MEDIUM,1155
1970-01-01 00:19:18,0,0,0,0,0,1,1,LOW,1158
1970-01-01 00:19:23,0,1,0,0,0,0,1,LOW,1163
1970-01-01 00:19:24,0,0,0,0,1,0,1,LOW,1164
1970-01-01 00:19:25,0,0,1,1,0,0,2,MEDIUM,1165
1970-01-01 00:19:31,1,0,0,0,0,1,2,MEDIUM,1171
1970-01-01 00:19:33,0,1,0,0,0,0,1,LOW,1173
1970-01-01 00:19:34,0,0,1,1,0,0,2,MEDIUM,1174
1970-01-01 00:19:35,0,0,0,0,1,0,1,LOW,1175
1970-01-01 00:19:42,0,0,0,0,0,1,1,LOW,1182
1970-01-01 00:19:44,0,0,0,0,1,0,1,LOW,1184
1970-01-01 00:19:46,1,1,1,0,0,0,3,HEAVY,1186
1970-01-01 00:19:47,0,0,0,1,0,0,1,LOW,1187
1970-01-01 00:19:51,0,0,0,0,0,1,1,LOW,1191
1970-01-01 00:19:53,0,0,0,0,1,0,1,LOW,1193
1970-01-01 00:19:56,0,0,0,1,0,0,1,LOW,1196
1970-01-01 00:19:59,1,0,0,0,0,0,1,LOW,1199
1970-01-01 00:20:00,0,0,1,0,0,1,2,MEDIUM,1200
1970-01-01 00:20:03,0,0,0,0,1,0,1,LOW,1203
1970-01-01 00:20:04,0,1,0,0,0,0,1,LOW,1204
1970-01-01 00:20:06,0,0,0,1,0,0,1,LOW,1206
1970-01-01 00:20:08,1,0,0,0,0,0,1,LOW,1208
1970-01-01 00:20:12,0,0,0,0,1,1,2,MEDIUM,1212
1970-01-01 00:20:15,0,0,0,1,0,0,1,LOW,1215
1970-01-01 00:20:16,0,0,1,0,0,0,1,LOW,1216
1970-01-01 00:20:17,0,1,0,0,0,0,1,LOW,1217
1970-01-01 00:20:19,1,0,0,0,0,0,1,LOW,1219
1970-01-01 00:20:22,0,0,0,0,1,1,2,MEDIUM,1222
1970-01-01 00:20:25,0,0,0,1,0,0,1,LOW,1225
1970-01-01 00:20:31,0,0,0,0,0,1,1,LOW,1231
1970-01-01 00:20:32,0,1,0,0,1,0,2,MEDIUM,1232
1970-01-01 00:20:33,1,0,0,0,0,0,1,LOW,1233
1970-01-01 00:20:35,0,0,0,1,0,0,1,LOW,1235
1970-01-01 00:20:42,0,0,0,0,1,1,2,MEDIUM,1242
1970-01-01 00:20:46,0,0,0,1,0,0,1,LOW,1246
1970-01-01 00:20:50,0,0,1,0,0,0,1,LOW,1250
1970-01-01 00:20:51,1,1,0,0,0,0,2,MEDIUM,1251
1970-01-01 00:20:52,0,0,0,0,0,1,1,LOW,1252
1970-01-01 00:20:55,0,0,0,1,0,0,1,LOW,1255
1970-01-01 00:20:56,0,0,0,0,1,0,1,LOW,1256
1970-01-01 00:21:00,1,0,1,0,0,0,2,MEDIUM,1260
1970-01-01 00:21:01,0,0,0,0,0,1,1,LOW,1261
1970-01-01 00:21:04,0,1,0,0,0,0,1,LOW,1264
1970-01-01 00:21:06,0,0,0,1,1,0,2,MEDIUM,1266
1970-01-01 00:21:11,0,0,1,0,0,1,2,MEDIUM,1271
1970-01-01 00:21:16,0,0,0,1,0,0,1,LOW,1276
1970-01-01 00:21:17,1,0,0,0,0,0,1,LOW,1277
1970-01-01 00:21:19,0,1,0,0,1,0,2,MEDIUM,1279
1970-01-01 00:21:21,0,0,1,0,0,1,2,MEDIUM,1281
1970-01-01 00:21:26,0,0,0,1,0,0,1,LOW,1286
1970-01-01 00:21:28,0,0,0,0,1,0,1,LOW,1288
1970-01-01 00:21:30,0,0,0,0,0,1,1,LOW,1290
1970-01-01 00:21:34,0,0,1,0,0,0,1,LOW,1294
1970-01-01 00:21:35,1,0,0,1,0,0,2,MEDIUM,1295
1970-01-01 00:21:38,0,0,0,0,1,0,1,LOW,1298
1970-01-01 00:21:39,0,1,0,0,0,0,1,LOW,1299
1970-01-01 00:21:40,0,0,0,0,0,1,1,LOW,1300
1970-01-01 00:21:45,0,0,0,1,0,0,1,LOW,1305
1970-01-01 00:21:47,0,0,0,0,1,0,1,LOW,1307
1970-01-01 00:21:49,0,1,0,0,0,0,1,LOW,1309
1970-01-01 00:21:50,0,0,0,0,0,1,1,LOW,1310
1970-01-01 00:21:52,1,0,0,0,0,0,1,LOW,1312
1970-01-01 00:21:54,0,0,0,1,0,0,1,LOW,1314
1970-01-01 00:21:56,0,0,0,0,1,0,1,LOW,1316
1970-01-01 00:22:01,0,0,0,0,0,1,1,LOW,1321
1970-01-01 00:22:03,0,0,1,0,0,0,1,LOW,1323
1970-01-01 00:22:04,1,0,0,0,0,0,1,LOW,1324
1970-01-01 00:22:05,0,0,0,0,1,0,1,LOW,1325
1970-01-01 00:22:06,0,0,0,1,0,0,1,LOW,1326
1970-01-01 00:22:10,0,1,0,0,0,0,1,LOW,1330
1970-01-01 00:22:11,0,0,0,0,0,1,1,LOW,1331
1970-01-01 00:22:12,0,0,1,0,0,0,1,LOW,1332
1970-01-01 00:22:14,0,0,0,0,1,0,1,LOW,1334
1970-01-01 00:22:15,0,0,0,1,0,0,1,LOW,1335
1970-01-01 00:22:16,1,0,0,0,0,0,1,LOW,1336
1970-01-01 00:22:20,0,0,0,0,0,1,1,LOW,1340
1970-01-01 00:22:21,0,1,0,0,0,0,1,LOW,1341
1970-01-01 00:22:23,0,0,0,0,1,0,1,LOW,1343
1970-01-01 00:22:27,0,0,1,1,0,0,2,MEDIUM,1347
1970-01-01 00:22:30,0,1,0,0,0,1,2,MEDIUM,1350
1970-01-01 00:22:33,1,0,0,0,0,0,1,LOW,1353
1970-01-01 00:22:34,0,0,0,0,1,0,1,LOW,1354
1970-01-01 00:22:37,0,0,0,1,0,0,1,LOW,1357
1970-01-01 00:22:38,0,0,1,0,0,0,1,LOW,1358
1970-01-01 00:22:40,0,1,0,0,0,1,2,MEDIUM,1360
1970-01-01 00:22:43,0,0,0,0,1,0,1,LOW,1363
1970-01-01 00:22:44,1,0,0,0,0,0,1,LOW,1364
1970-01-01 00:22:48,0,0,0,1,0,0,1,LOW,1368
1970-01-01 00:22:50,0,0,0,0,0,1,1,LOW,1370
1970-01-01 00:22:52,0,0,0,0,1,0,1,LOW,1372
1970-01-01 00:22:55,1,0,0,0,0,0,1,LOW,1375
1970-01-01 00:22:56,0,1,0,0,0,0,1,LOW,1376
1970-01-01 00:22:59,0,0,0,1,0,0,1,LOW,1379
1970-01-01 00:23:00,0,0,1,0,0,1,2,MEDIUM,1380
1970-01-01 00:23:02,0,0,0,0,1,0,1,LOW,1382
1970-01-01 00:23:04,1,0,0,0,0,0,1,LOW,1384
1970-01-01 00:23:08,0,0,0,1,0,0,1,LOW,1388
1970-01-01 00:23:11,0,0,0,0,1,1,2,MEDIUM,1391
1970-01-01 00:23:18,1,0,0,1,0,0,2,MEDIUM,1398
1970-01-01 00:23:21,0,0,0,0,1,0,1,LOW,1401
1970-01-01 00:23:22,0,1,0,0,0,1,2,MEDIUM,1402
1970-01-01 00:23:25,0,0,1,0,0,0,1,LOW,1405
1970-01-01 00:23:27,0,0,0,1,0,0,1,LOW,1407
1970-01-01 00:23:32,0,0,0,0,1,0,1,LOW,1412
1970-01-01 00:23:33,0,0,0,0,0,1,1,LOW,1413
1970-01-01 00:23:34,1,0,0,0,0,0,1,LOW,1414
1970-01-01 00:23:36,0,0,0,1,0,0,1,LOW,1416
1970-01-01 00:23:37,0,1,0,0,0,0,1,LOW,1417
1970-01-01 00:23:38,0,0,1,0,0,0,1,LOW,1418
1970-01-01 00:23:42,0,0,0,0,1,0,1,LOW,1422
1970-01-01 00:23:45,0,0,0,0,0,1,1,LOW,1425
1970-01-01 00:23:47,1,0,0,1,0,0,2,MEDIUM,1427
1970-01-01 00:23:48,0,0,1,0,0,0,1,LOW,1428
1970-01-01 00:23:50,0,1,0,0,0,0,1,LOW,1430
1970-01-01 00:23:51,0,0,0,0,1,0,1,LOW,1431
1970-01-01 00:23:54,0,0,0,0,0,1,1,LOW,1434
1970-01-01 00:23:57,0,0,0,1,0,0,1,LOW,1437
1970-01-01 00:23:58,1,0,0,0,0,0,1,LOW,1438
1970-01-01 00:24:00,0,1,0,0,1,0,2,MEDIUM,1440
1970-01-01 00:24:04,0,0,0,0,0,1,1,LOW,1444
1970-01-01 00:24:06,0,0,0,1,0,0,1,LOW,1446
1970-01-01 00:24:07,1,0,0,0,0,0,1,LOW,1447
1970-01-01 00:24:10,0,0,1,0,1,0,2,MEDIUM,1450
1970-01-01 00:24:14,0,0,0,0,0,1,1,LOW,1454
1970-01-01 00:24:16,0,0,0,1,0,0,1,LOW,1456
1970-01-01 00:24:17,0,1,0,0,0,0,1,LOW,1457
1970-01-01 00:24:21,0,0,0,0,1,0,1,LOW,1461
1970-01-01 00:24:23,1,0,0,0,0,0,1,LOW,1463
1970-01-01 00:24:25,0,0,0,1,0,1,2,MEDIUM,1465
1970-01-01 00:24:28,0,0,1,0,0,0,1,LOW,1468
1970-01-01 00:24:32,0,1,0,0,0,0,1,LOW,1472
1970-01-01 00:24:34,0,0,0,0,1,0,1,LOW,1474
1970-01-01 00:24:36,0,0,0,0,0,1,1,LOW,1476
1970-01-01 00:24:37,0,0,0,1,0,0,1,LOW,1477
1970-01-01 00:24:38,1,0,0,0,0,0,1,LOW,1478
1970-01-01 00:24:40,0,0,1,0,0,0,1,LOW,1480
1970-01-01 00:24:42,0,1,0,0,0,0,1,LOW,1482
1970-01-01 00:24:43,0,0,0,0,1,0,1,LOW,1483
1970-01-01 00:24:48,0,0,0,0,0,1,1,LOW,1488
1970-01-01 00:24:49,0,0,0,1,0,0,1,LOW,1489
1970-01-01 00:24:50,0,0,1,0,0,0,1,LOW,1490
1970-01-01 00:24:53,1,0,0,0,0,0,1,LOW,1493
1970-01-01 00:24:54,0,0,0,0,1,0,1,LOW,1494
1970-01-01 00:24:57,0,1,0,0,0,1,2,MEDIUM,1497
1970-01-01 00:24:59,0,0,1,0,0,0,1,LOW,1499
1970-01-01 00:25:00,0,0,0,1,0,0,1,LOW,1500
1970-01-01 00:25:03,0,0,0,0,1,0,1,LOW,1503
1970-01-01 00:25:06,0,0,0,0,0,1,1,LOW,1506
1970-01-01 00:25:07,0,1,0,0,0,0,1,LOW,1507
1970-01-01 00:25:09,0,0,1,0,0,0,1,LOW,1509
1970-01-01 00:25:11,0,0,0,1,0,0,1,LOW,1511
1970-01-01 00:25:13,0,0,0,0,1,0,1,LOW,1513
1970-01-01 00:25:16,0,0,0,0,0,1,1,LOW,1516
1970-01-01 00:25:17,1,0,0,0,0,0,1,LOW,1517
1970-01-01 00:25:19,0,0,1,0,0,0,1,LOW,1519
1970-01-01 00:25:20,0,0,0,1,0,0,1,LOW,1520
1970-01-01 00:25:23,0,1,0,0,0,0,1,LOW,1523
1970-01-01 00:25:24,0,0,0,0,1,0,1,LOW,1524
1970-01-01 00:25:26,0,0,0,0,0,1,1,LOW,1526
1970-01-01 00:25:29,1,0,0,0,0,0,1,LOW,1529
1970-01-01 00:25:30,0,0,0,1,0,0,1,LOW,1530
1970-01-01 00:25:33,0,0,0,0,1,0,1,LOW,1533
1970-01-01 00:25:35,0,1,1,0,0,0,2,MEDIUM,1535
1970-01-01 00:25:37,0,0,0,0,0,1,1,LOW,1537
1970-01-01 00:25:39,1,0,0,0,0,0,1,LOW,1539
1970-01-01 00:25:40,0,0,0,1,0,0,1,LOW,1540
1970-01-01 00:25:42,0,0,0,0,1,0,1,LOW,1542
1970-01-01 00:25:45,0,1,0,0,0,0,1,LOW,1545
1970-01-01 00:25:46,0,0,0,0,0,1,1,LOW,1546
1970-01-01 00:25:50,0,0,0,1,0,0,1,LOW,1550
1970-01-01 00:25:52,0,0,1,0,0,0,1,LOW,1552
1970-01-01 00:25:53,1,0,0,0,1,0,2,MEDIUM,1553
1970-01-01 00:25:57,0,0,0,0,0,1,1,LOW,1557
1970-01-01 00:26:00,0,0,0,1,0,0,1,LOW,1560
1970-01-01 00:26:03,1,0,0,0,1,0,2,MEDIUM,1563
1970-01-01 00:26:06,0,1,0,0,0,0,1,LOW,1566
1970-01-01 00:26:07,0,0,0,0,0,1,1,LOW,1567
1970-01-01 00:26:09,0,0,0,1,0,0,1,LOW,1569
1970-01-01 00:26:13,0,0,0,0,1,0,1,LOW,1573
1970-01-01 00:26:14,0,0,1,0,0,0,1,LOW,1574
1970-01-01 00:26:17,1,0,0,0,0,0,1,LOW,1577
1970-01-01 00:26:19,0,0,0,0,0,1,1,LOW,1579
1970-01-01 00:26:20,0,0,0,1,0,0,1,LOW,1580
1970-01-01 00:26:22,0,0,0,0,1,0,1,LOW,1582
1970-01-01 00:26:24,0,0,1,0,0,0,1,LOW,1584
1970-01-01 00:26:29,0,0,0,1,0,0,1,LOW,1589
1970-01-01 00:26:32,0,0,0,0,1,0,1,LOW,1592
1970-01-01 00:26:34,0,0,0,0,0,1,1,LOW,1594
1970-01-01 00:26:35,0,1,0,0,0,0,1,LOW,1595
1970-01-01 00:26:38,0,0,1,0,0,0,1,LOW,1598
1970-01-01 00:26:39,0,0,0,1,0,0,1,LOW,1599
1970-01-01 00:26:40,1,0,0,0,0,0,1,LOW,1600
1970-01-01 00:26:42,0,0,0,0,1,0,1,LOW,1602
1970-01-01 00:26:43,0,0,0,0,0,1,1,LOW,1603
1970-01-01 00:26:51,0,1,0,0,0,0,1,LOW,1611
1970-01-01 00:26:52,0,0,0,1,0,0,1,LOW,1612
1970-01-01 00:26:53,1,0,1,0,1,0,3,HEAVY,1613
1970-01-01 00:26:54,0,0,0,0,0,1,1,LOW,1614
1970-01-01 00:27:02,0,0,0,1,1,0,2,MEDIUM,1622
1970-01-01 00:27:04,0,0,1,0,0,0,1,LOW,1624
1970-01-01 00:27:05,0,0,0,0,0,1,1,LOW,1625
1970-01-01 00:27:11,0,1,0,1,0,0,2,MEDIUM,1631
1970-01-01 00:27:13,0,0,0,0,1,0,1,LOW,1633
1970-01-01 00:27:14,0,0,0,0,0,1,1,LOW,1634
1970-01-01 00:27:20,0,0,1,0,0,0,1,LOW,1640
1970-01-01 00:27:21,0,0,0,1,0,0,1,LOW,1641
1970-01-01 00:27:24,0,0,0,0,1,0,1,LOW,1644
1970-01-01 00:27:26,1,0,0,0,0,1,2,MEDIUM,1646
1970-01-01 00:27:30,0,0,0,1,0,0,1,LOW,1650
1970-01-01 00:27:31,0,0,1,0,0,0,1,LOW,1651
1970-01-01 00:27:33,0,0,0,0,1,0,1,LOW,1653
1970-01-01 00:27:34,0,1,0,0,0,0,1,LOW,1654
1970-01-01 00:27:36,1,0,0,0,0,1,2,MEDIUM,1656
1970-01-01 00:27:42,0,0,0,1,1,0,2,MEDIUM,1662
1970-01-01 00:27:45,0,0,0,0,0,1,1,LOW,1665
1970-01-01 00:27:49,1,1,0,0,0,0,2,MEDIUM,1669
1970-01-01 00:27:52,0,0,0,1,1,0,2,MEDIUM,1672
1970-01-01 00:27:54,0,0,0,0,0,1,1,LOW,1674
1970-01-01 00:27:58,0,1,0,0,0,0,1,LOW,1678
1970-01-01 00:28:01,0,0,1,1,0,0,2,MEDIUM,1681
1970-01-01 00:28:03,0,0,0,0,1,1,2,MEDIUM,1683
1970-01-01 00:28:12,0,0,0,1,0,1,2,MEDIUM,1692
1970-01-01 00:28:14,0,0,1,0,0,0,1,LOW,1694
1970-01-01 00:28:15,1,0,0,0,1,0,2,MEDIUM,1695
1970-01-01 00:28:21,0,0,0,1,0,0,1,LOW,1701
1970-01-01 00:28:22,0,0,0,0,0,1,1,LOW,1702
1970-01-01 00:28:24,0,0,0,0,1,0,1,LOW,1704
1970-01-01 00:28:26,0,0,1,0,0,0,1,LOW,1706
1970-01-01 00:28:28,1,0,0,0,0,0,1,LOW,1708
1970-01-01 00:28:30,0,1,0,0,0,0,1,LOW,1710
1970-01-01 00:28:31,0,0,0,1,0,0,1,LOW,1711
1970-01-01 00:28:33,0,0,0,0,0,1,1,LOW,1713
1970-01-01 00:28:35,0,0,1,0,0,0,1,LOW,1715
1970-01-01 00:28:37,0,0,0,0,1,0,1,LOW,1717
1970-01-01 00:28:38,1,0,0,0,0,0,1,LOW,1718
1970-01-01 00:28:41,0,1,0,1,0,0,2,MEDIUM,1721
1970-01-01 00:28:43,0,0,0,0,0,1,1,LOW,1723
1970-01-01 00:28:48,0,0,0,0,1,0,1,LOW,1728
1970-01-01 00:28:50,0,0,0,1,0,0,1,LOW,1730
1970-01-01 00:28:51,0,1,0,0,0,0,1,LOW,1731
1970-01-01 00:28:52,0,0,0,0,0,1,1,LOW,1732
1970-01-01 00:28:57,0,0,1,0,1,0,2,MEDIUM,1737
1970-01-01 00:29:01,0,0,0,1,0,0,1,LOW,1741
1970-01-01 00:29:02,1,0,0,0,0,1,2,MEDIUM,1742
1970-01-01 00:29:06,0,1,0,0,1,0,2,MEDIUM,1746
1970-01-01 00:29:11,0,0,0,1,0,0,1,LOW,1751
1970-01-01 00:29:12,1,0,0,0,0,0,1,LOW,1752
1970-01-01 00:29:13,0,0,1,0,0,1,2,MEDIUM,1753
1970-01-01 00:29:17,0,1,0,0,0,0,1,LOW,1757
1970-01-01 00:29:19,0,0,0,0,1,0,1,LOW,1759
1970-01-01 00:29:22,0,0,1,1,0,1,3,HEAVY,1762
1970-01-01 00:29:28,0,1,0,0,0,0,1,LOW,1768
1970-01-01 00:29:29,1,0,0,0,1,0,2,MEDIUM,1769
1970-01-01 00:29:32,0,0,0,1,0,1,2,MEDIUM,1772
1970-01-01 00:29:39,1,0,0,0,0,0,1,LOW,1779
1970-01-01 00:29:40,0,0,0,0,1,0,1,LOW,1780
1970-01-01 00:29:41,0,0,0,0,0,1,1,LOW,1781
1970-01-01 00:29:42,0,0,0,1,0,0,1,LOW,1782
1970-01-01 00:29:45,0,0,1,0,0,0,1,LOW,1785
1970-01-01 00:29:49,0,0,0,0,1,0,1,LOW,1789
1970-01-01 00:29:51,0,0,0,1,0,1,2,MEDIUM,1791
1970-01-01 00:29:53,0,1,0,0,0,0,1,LOW,1793
1970-01-01 00:29:54,1,0,0,0,0,0,1,LOW,1794
1970-01-01 00:29:56,0,0,1,0,0,0,1,LOW,1796
1970-01-01 00:29:59,0,0,0,0,1,0,1,LOW,1799
1970-01-01 00:30:00,0,0,0,1,0,1,2,MEDIUM,1800
1970-01-01 00:30:07,0,0,0,1,0,0,1,LOW,1807
1970-01-01 00:30:08,0,0,1,0,0,0,1,LOW,1808
1970-01-01 00:30:12,0,0,0,0,0,1,1,LOW,1812
1970-01-01 00:30:22,0,0,0,0,0,1,1,LOW,1822
1970-01-01 00:30:34,0,0,0,0,1,0,1,LOW,1834
1970-01-01 00:30:36,1,0,0,0,0,0,1,LOW,1836
1970-01-01 00:30:39,0,0,1,0,0,0,1,LOW,1839
1970-01-01 00:30:44,0,0,0,0,1,0,1,LOW,1844
1970-01-01 00:31:00,1,0,0,0,0,0,1,LOW,1860
1970-01-01 00:31:01,0,1,0,0,0,0,1,LOW,1861
1970-01-01 00:31:10,1,0,0,0,0,0,1,LOW,1870
1970-01-01 00:31:11,0,0,0,0,0,1,1,LOW,1871
1970-01-01 00:31:26,0,0,0,1,1,0,2,MEDIUM,1886
1970-01-01 00:31:29,0,0,1,0,0,0,1,LOW,1889
1970-01-01 00:31:40,0,0,0,0,0,1,1,LOW,1900
1970-01-01 00:31:42,0,0,1,0,0,0,1,LOW,1902
1970-01-01 00:31:58,0,1,0,0,1,0,2,MEDIUM,1918
1970-01-01 00:32:00,1,0,0,0,0,0,1,LOW,1920
1970-01-01 00:32:07,0,0,0,0,1,0,1,LOW,1927
1970-01-01 00:32:10,1,0,0,0,0,1,2,MEDIUM,1930
1970-01-01 00:32:11,0,0,1,0,0,0,1,LOW,1931
1970-01-01 00:32:13,0,0,0,1,0,0,1,LOW,1933
1970-01-01 00:32:20,0,0,0,0,0,1,1,LOW,1940
1970-01-01 00:32:27,0,1,0,0,0,0,1,LOW,1947
1970-01-01 00:32:30,0,0,1,0,0,0,1,LOW,1950
1970-01-01 00:32:44,1,0,0,0,0,0,1,LOW,1964
1970-01-01 00:32:46,0,0,1,0,0,0,1,LOW,1966
1970-01-01 00:32:47,0,1,0,0,0,0,1,LOW,1967
1970-01-01 00:32:57,0,0,1,0,0,0,1,LOW,1977
1970-01-01 00:33:02,0,1,0,0,0,0,1,LOW,1982
1970-01-01 00:33:05,0,0,0,1,0,0,1,LOW,1985
1970-01-01 00:33:09,0,0,1,0,0,0,1,LOW,1989
1970-01-01 00:33:22,1,0,0,0,0,0,1,LOW,2002
1970-01-01 00:33:27,0,0,0,0,0,1,1,LOW,2007
1970-01-01 00:33:40,0,0,0,1,0,0,1,LOW,2020
1970-01-01 00:33:50,0,1,0,0,0,0,1,LOW,2030
1970-01-01 00:33:54,1,0,1,0,0,0,2,MEDIUM,2034
1970-01-01 00:33:58,0,0,0,1,0,0,1,LOW,2038
1970-01-01 00:34:04,1,0,0,0,0,0,1,LOW,2044
1970-01-01 00:34:06,0,1,0,0,0,0,1,LOW,2046
1970-01-01 00:34:09,0,0,0,1,0,0,1,LOW,2049
1970-01-01 00:34:18,1,0,0,0,0,0,1,LOW,2058
1970-01-01 00:34:20,0,0,0,0,0,1,1,LOW,2060
1970-01-01 00:34:26,0,1,0,0,0,0,1,LOW,2066
1970-01-01 00:34:34,0,0,0,0,1,1,2,MEDIUM,2074
1970-01-01 00:34:36,0,0,0,1,0,0,1,LOW,2076
1970-01-01 00:34:47,0,0,0,0,0,1,1,LOW,2087
1970-01-01 00:34:48,0,0,1,0,0,0,1,LOW,2088
1970-01-01 00:34:57,1,0,0,0,0,0,1,LOW,2097
1970-01-01 00:34:59,0,0,0,0,0,1,1,LOW,2099
1970-01-01 00:35:03,0,0,1,0,0,0,1,LOW,2103
1970-01-01 00:35:08,0,0,0,1,0,0,1,LOW,2108
1970-01-01 00:35:21,0,0,0,0,1,0,1,LOW,2121
1970-01-01 00:35:27,0,0,0,1,0,1,2,MEDIUM,2127
1970-01-01 00:35:34,1,0,0,0,0,0,1,LOW,2134
1970-01-01 00:35:35,0,0,1,0,0,0,1,LOW,2135
1970-01-01 00:35:39,0,0,0,1,0,0,1,LOW,2139
1970-01-01 00:35:47,0,0,0,0,0,1,1,LOW,2147
1970-01-01 00:35:51,0,1,0,0,0,0,1,LOW,2151
1970-01-01 00:35:57,0,0,0,0,1,0,1,LOW,2157
1970-01-01 00:35:59,0,0,0,0,0,1,1,LOW,2159
1970-01-01 00:36:02,0,0,1,0,0,0,1,LOW,2162
1970-01-01 00:36:08,0,0,0,1,0,0,1,LOW,2168
1970-01-01 00:36:15,0,1,0,0,0,0,1,LOW,2175
1970-01-01 00:36:23,0,0,0,1,0,0,1,LOW,2183
1970-01-01 00:36:26,0,1,0,0,0,0,1,LOW,2186
1970-01-01 00:36:27,0,0,0,0,1,0,1,LOW,2187
1970-01-01 00:36:35,0,1,0,0,0,0,1,LOW,2195
1970-01-01 00:36:39,0,0,0,0,1,0,1,LOW,2199
1970-01-01 00:36:49,0,0,0,1,0,0,1,LOW,2209
1970-01-01 00:36:52,0,0,1,0,0,0,1,LOW,2212
1970-01-01 00:36:57,0,1,0,0,0,0,1,LOW,2217
1970-01-01 00:37:05,0,0,0,1,0,0,1,LOW,2225
1970-01-01 00:37:06,0,0,0,0,0,1,1,LOW,2226
1970-01-01 00:37:08,1,0,0,0,0,0,1,LOW,2228
1970-01-01 00:37:12,0,1,0,0,0,0,1,LOW,2232
1970-01-01 00:37:15,0,0,0,0,1,0,1,LOW,2235
1970-01-01 00:37:33,0,0,0,0,1,0,1,LOW,2253
1970-01-01 00:37:36,0,0,1,0,0,0,1,LOW,2256
1970-01-01 00:37:41,1,0,0,0,0,0,1,LOW,2261
1970-01-01 00:37:56,0,0,1,0,0,0,1,LOW,2276
1970-01-01 00:37:58,0,0,0,0,0,1,1,LOW,2278
1970-01-01 00:38:06,0,0,0,0,1,0,1,LOW,2286
1970-01-01 00:38:09,0,0,0,0,0,1,1,LOW,2289
1970-01-01 00:38:11,0,1,0,0,0,0,1,LOW,2291
1970-01-01 00:38:15,0,0,0,1,0,0,1,LOW,2295
1970-01-01 00:38:18,0,0,0,0,1,0,1,LOW,2298
1970-01-01 00:38:29,0,0,0,1,0,0,1,LOW,2309
1970-01-01 00:38:35,0,0,0,0,1,0,1,LOW,2315
1970-01-01 00:38:46,0,0,0,0,1,1,2,MEDIUM,2326
1970-01-01 00:38:49,0,0,0,1,0,0,1,LOW,2329
1970-01-01 00:38:54,1,0,0,0,0,0,1,LOW,2334
1970-01-01 00:38:56,0,0,0,0,0,1,1,LOW,2336
1970-01-01 00:39:02,0,0,0,0,1,0,1,LOW,2342
1970-01-01 00:39:05,0,0,1,0,0,0,1,LOW,2345
1970-01-01 00:39:08,0,0,0,1,0,0,1,LOW,2348
1970-01-01 00:39:10,0,1,0,0,0,0,1,LOW,2350
1970-01-01 00:39:18,0,0,1,0,0,0,1,LOW,2358
1970-01-01 00:39:25,0,0,0,0,0,1,1,LOW,2365
1970-01-01 00:39:32,0,0,0,1,0,0,1,LOW,2372
1970-01-01 00:39:33,1,0,0,0,0,0,1,LOW,2373
1970-01-01 00:39:37,0,0,1,0,0,0,1,LOW,2377
1970-01-01 00:39:39,0,1,0,0,0,0,1,LOW,2379
1970-01-01 00:39:48,0,1,0,0,0,0,1,LOW,2388
1970-01-01 00:39:59,1,0,0,0,1,0,2,MEDIUM,2399
1970-01-01 00:40:00,0,1,0,0,0,0,1,LOW,2400
1970-01-01 00:40:16,1,0,0,0,0,0,1,LOW,2416
1970-01-01 00:40:17,0,1,0,0,1,0,2,MEDIUM,2417
1970-01-01 00:40:26,0,0,1,0,0,0,1,LOW,2426
1970-01-01 00:40:28,0,0,0,1,0,0,1,LOW,2428
1970-01-01 00:40:30,1,0,0,0,0,0,1,LOW,2430
1970-01-01 00:40:34,0,0,0,0,1,0,1,LOW,2434
1970-01-01 00:40:35,0,0,0,0,0,1,1,LOW,2435
1970-01-01 00:40:41,0,1,0,0,0,0,1,LOW,2441
1970-01-01 00:40:51,0,1,0,0,0,0,1,LOW,2451
1970-01-01 00:40:53,0,0,0,1,0,0,1,LOW,2453
1970-01-01 00:40:54,1,0,0,0,0,0,1,LOW,2454
1970-01-01 00:40:57,0,0,1,0,0,0,1,LOW,2457
1970-01-01 00:41:07,0,0,0,0,0,1,1,LOW,2467
1970-01-01 00:41:18,1,0,0,0,1,0,2,MEDIUM,2478
1970-01-01 00:41:19,0,0,0,1,0,0,1,LOW,2479
1970-01-01 00:41:36,1,0,0,0,0,0,1,LOW,2496
1970-01-01 00:41:38,0,0,0,0,0,1,1,LOW,2498
1970-01-01 00:41:40,0,0,0,1,0,0,1,LOW,2500
1970-01-01 00:41:41,0,0,1,0,0,0,1,LOW,2501
1970-01-01 00:41:45,0,0,0,0,1,0,1,LOW,2505
1970-01-01 00:41:49,0,0,0,0,0,1,1,LOW,2509
1970-01-01 00:41:53,0,1,0,0,0,0,1,LOW,2513
1970-01-01 00:41:56,0,0,0,0,1,0,1,LOW,2516
1970-01-01 00:42:01,0,0,1,0,0,0,1,LOW,2521
1970-01-01 00:42:03,0,1,0,0,0,0,1,LOW,2523
1970-01-01 00:42:16,1,0,0,0,0,0,1,LOW,2536
1970-01-01 00:42:22,0,0,0,1,0,0,1,LOW,2542
1970-01-01 00:42:24,0,0,0,0,1,0,1,LOW,2544
1970-01-01 00:42:34,0,0,1,0,0,0,1,LOW,2554
1970-01-01 00:42:36,0,0,0,1,1,0,2,MEDIUM,2556
1970-01-01 00:42:37,1,0,0,0,0,1,2,MEDIUM,2557
1970-01-01 00:42:41,0,1,0,0,0,0,1,LOW,2561
1970-01-01 00:42:47,1,0,0,1,0,0,2,MEDIUM,2567
1970-01-01 00:42:50,0,1,0,0,1,0,2,MEDIUM,2570
1970-01-01 00:42:57,0,0,1,0,0,0,1,LOW,2577
1970-01-01 00:43:04,0,1,0,0,0,0,1,LOW,2584
1970-01-01 00:43:05,1,0,0,0,0,0,1,LOW,2585
1970-01-01 00:43:08,0,0,0,0,0,1,1,LOW,2588
1970-01-01 00:43:20,1,0,0,0,0,0,1,LOW,2600
1970-01-01 00:43:21,0,0,0,1,0,0,1,LOW,2601
1970-01-01 00:43:26,0,0,0,0,1,1,2,MEDIUM,2606
1970-01-01 00:43:27,0,0,1,0,0,0,1,LOW,2607
1970-01-01 00:43:32,0,1,0,0,0,0,1,LOW,2612
1970-01-01 00:43:39,0,0,0,0,1,0,1,LOW,2619
1970-01-01 00:43:44,0,0,0,1,0,0,1,LOW,2624
1970-01-01 00:43:56,0,0,0,0,0,1,1,LOW,2636
1970-01-01 00:43:57,0,0,0,0,1,0,1,LOW,2637
1970-01-01 00:44:01,0,0,1,0,0,0,1,LOW,2641
1970-01-01 00:44:10,0,0,0,0,0,1,1,LOW,2650
1970-01-01 00:44:14,0,0,1,0,0,0,1,LOW,2654
1970-01-01 00:44:25,0,0,0,1,0,0,1,LOW,2665
1970-01-01 00:44:27,0,1,0,0,0,0,1,LOW,2667
1970-01-01 00:44:28,1,0,0,0,0,0,1,LOW,2668
1970-01-01 00:44:30,0,0,0,0,1,0,1,LOW,2670
1970-01-01 00:44:39,1,0,0,0,0,0,1,LOW,2679
1970-01-01 00:44:50,0,0,0,0,0,1,1,LOW,2690
1970-01-01 00:44:56,0,0,1,0,0,0,1,LOW,2696
1970-01-01 00:44:57,1,1,0,0,0,0,2,MEDIUM,2697
